{"cameraMode":{"drawMode":0,"name":"Shaded","section":"Shading Mode"},"sceneLighting":false,"audioPlay":false,"sceneViewState":{"showFog":true,"showMaterialUpdate":false,"showSkybox":false,"showFlares":true,"showImageEffects":true,"showParticleSystems":true},"in2DMode":false,"pivot":{"x":0.672978401184082,"y":3.4414658546447756,"z":0.5767123699188232},"rotation":{"x":-0.17091915011405946,"y":-0.7868717908859253,"z":0.25015777349472048,"w":-0.5376275181770325},"size":24.525976181030275,"orthographic":false}